player_id,clubhouse_star_cost,as_of_date,card_title
83135,700,2026-09-16,Clubhouse - Baseball Reference 8 SP Orel Hershiser LAD 1988
86747,700,2026-09-16,Clubhouse - Baseball Reference 8 LF Hank Greenberg DET 1940
86655,630,2026-09-16,Clubhouse - Super Utility RF Hank Aaron ML1 1959
86466,480,2026-09-16,Clubhouse - Baseball Reference 7 SP Roger Clemens TOR 1998
86464,400,2026-09-16,Clubhouse - Baseball Reference 7 LF Albert Belle CLE 1995
86787,400,2026-09-16,Clubhouse - Baseball Reference 8 3B Freddie Lindstrom NY1 1930
86278,360,2026-09-16,Clubhouse - Historical All-Star SP Johan Santana MIN 2006
86328,350,2026-09-16,Clubhouse - HOF Inductees 2B Jeff Kent SF 2000
85439,300,2026-09-16,Clubhouse - Baseball Reference 5 2B Marcus Giles ATL 2003
86378,280,2026-09-16,Clubhouse - Baseball Reference 6 RF J.D. Martinez ARI 2017
86413,280,2026-09-16,Clubhouse - Baseball Reference 6 CL Aroldis Chapman CHC 2016
86250,270,2026-09-16,Clubhouse - All-Time Legend SS Ozzie Smith STL Peak
85178,250,2026-09-16,Clubhouse - Negro League Star 3B Jud Wilson BBS 1927
85819,250,2026-09-16,Clubhouse - Historical All-Star SP Tex Hughson BOS 1944
86281,240,2026-09-16,Clubhouse - Historical All-Star CL Sean Doolittle WAS 2018
86427,240,2026-09-16,Clubhouse - Baseball Reference 7 CL Armando Benitez FLO 2004
86288,240,2026-09-16,Clubhouse - HR Derby Winner RF Jordan Walker STL 2026
85690,200,2026-09-16,Clubhouse - SwitchKnucklers - All-Time Legend C Jorge Posada NYY Peak
85728,200,2026-09-16,Clubhouse - SwitchKnucklers - Hall of Fame SP Phil Niekro ATL 1978
85727,200,2026-09-16,Clubhouse - SwitchKnucklers - Veteran Presence SP Eddie Cicotte CWS 1917
86656,180,2026-09-16,Clubhouse - Hall of Fame SS Phil Rizzuto NYY 1950
85705,160,2026-09-16,Clubhouse - SwitchKnucklers - Historical All-Star CL Kenley Jansen LAD 2017
85407,150,2026-09-16,Clubhouse - Played Where? - Veteran Presence SP Randy Johnson HOU 1998
86794,150,2026-09-16,Clubhouse - Baseball Reference 8 SP Dontrelle Willis FLO 2005
86743,150,2026-09-16,Clubhouse - Baseball Reference 8 RF Manny Ramirez CLE 1999
85492,150,2026-09-16,Clubhouse - 60s Week - Historical All-Star 1B Norm Cash DET 1961
86654,135,2026-09-16,Clubhouse - Unsung Heroes SP Milt Pappas BAL 1959
86439,120,2026-09-16,Clubhouse - Baseball Reference 7 SP Babe Ruth BOS 1916
82759,120,2026-09-16,Clubhouse - Baseball Reference 8 SS Luke Appling CWS 1936
82758,100,2026-09-16,Clubhouse - Y&O 1 - Hardware Heroes RF Chuck Klein PHI 1930
84702,100,2026-09-16,Clubhouse - April Fools' Day SP Pedro Martinez NYM 2005
85890,100,2026-09-16,Clubhouse - Negro League Star SP Dave Barnhill NYC 1941
84870,100,2026-09-16,Clubhouse - Negro League Star SS Dobie Moore KCM 1924
82770,100,2026-09-16,Clubhouse - World Baseball Classic LF Wladimir Balentien NED 2017
83851,100,2026-09-16,Clubhouse - Baseball Reference 8 CL Devin Williams MIL 2023
86441,95,2026-09-16,Clubhouse - Baseball Reference 7 C Jason Varitek BOS 2004
86638,95,2026-09-16,Clubhouse - Historical All-Star C Stan Lopata PHI 1955
86470,95,2026-09-16,Clubhouse - Baseball Reference 7 3B Graig Nettles NYY 1977
86276,90,2026-09-16,Clubhouse - Hall of Fame SP Don Drysdale LAD 1965
86775,85,2026-09-16,Clubhouse - Baseball Reference 8 RF Roy Cullenbine DET 1946
86351,80,2026-09-16,Clubhouse - Baseball Reference 6 SP Rich Harden CHC 2008
86792,75,2026-09-16,Clubhouse - Baseball Reference 8 3B Nolan Arenado COL 2015
86807,75,2026-09-16,Clubhouse - Baseball Reference 8 SS Hanley Ramirez LAD 2013
85861,75,2026-09-16,Clubhouse - Historical All-Star SS Rico Petrocelli BOS 1969
86636,70,2026-09-16,Clubhouse - Historical All-Star C Smoky Burgess PIT 1959
86151,65,2026-09-16,Clubhouse - Baseball Reference 5 SP Tyler Anderson LAD 2022
86269,60,2026-09-16,Clubhouse - Historical All-Star CF Brady Anderson BAL 1996
85719,60,2026-09-16,Clubhouse - SwitchKnucklers - Snapshot 1B John Anderson WAS 1898
85745,60,2026-09-16,Clubhouse - SwitchKnucklers - Veteran Presence SP R.A. Dickey NYM 2012
86793,60,2026-09-16,Clubhouse - Baseball Reference 8 CL Greg Holland COL 2017
86652,60,2026-09-16,Clubhouse - Unsung Heroes SP Don Mossi DET 1959
86253,60,2026-09-16,Clubhouse - Historical All-Star C Darren Daulton PHI 1992
85516,50,2026-09-16,Clubhouse - Veteran Presence RP Bobby Shantz NYY 1959
86639,50,2026-09-16,Clubhouse - Historical All-Star CF Vada Pinson CIN 1959
85860,50,2026-09-16,Clubhouse - Hardware Heroes 1B Keith Hernandez STL 1979
86624,50,2026-09-16,Clubhouse - Hardware Heroes 2B Nellie Fox CWS 1959
86312,45,2026-09-16,Clubhouse - HOF Inductees RF Carlos Beltran SF 2011
86777,45,2026-09-16,Clubhouse - Baseball Reference 8 RP Bruce Ruffin COL 1993
86371,40,2026-09-16,Clubhouse - Hall of Fame LF Lou Brock STL 1964
86196,40,2026-09-16,Clubhouse - Baseball Reference 5 RP Randy Rodriguez SF 2025
86804,35,2026-09-16,Clubhouse - Baseball Reference 8 LF Jack Cust ATH 2008
86157,35,2026-09-16,Clubhouse - Baseball Reference 5 1B Jesus Aguilar MIL 2018
86356,35,2026-09-16,Clubhouse - Baseball Reference 6 SP Dan Haren LAA 2010
86412,35,2026-09-16,Clubhouse - Baseball Reference 6 SS Manny Machado LAD 2018
86146,35,2026-09-16,Clubhouse - Baseball Reference 5 3B Billy Grabarkewitz LAD 1970
86617,35,2026-09-16,Clubhouse - Veteran Presence 1B Ted Kluszewski CWS 1959
86090,30,2026-09-16,Clubhouse - Baseball Reference 5 C Rich Gedman BOS 1985
82919,30,2026-09-16,Clubhouse - World Baseball Classic SP Marcus Stroman USA 2017
85213,30,2026-09-16,Clubhouse - Y&O 1 - Rookie Sensation RP Cla Meredith SD 2006
84366,30,2026-09-16,Clubhouse - Y&O 1 - Rookie Sensation C Gene Tenace ATH 1970
85186,30,2026-09-16,Clubhouse - Y&O 1 - Rookie Sensation SS Johnny Pesky BOS 1942
85192,30,2026-09-16,Clubhouse - Y&O 1 - Hardware Heroes CL Andrew Bailey ATH 2009
85412,30,2026-09-16,Clubhouse - Played Where? - Unsung Heroes CF Starling Marte MIA 2021
85506,30,2026-09-16,Clubhouse - 60s Week - Snapshot LF Jerry Lynch CIN 1961
86109,30,2026-09-16,Clubhouse - Baseball Reference 5 SS Zack Cozart CIN 2017
86164,30,2026-09-16,Clubhouse - Baseball Reference 5 SP Dean Stone WS1 1954
86120,30,2026-09-16,Clubhouse - Baseball Reference 5 CF David Dahl COL 2019
86122,30,2026-09-16,Clubhouse - Baseball Reference 5 RF Brad Hawpe COL 2009
83826,30,2026-09-16,Clubhouse - HOF Inductees CF Andruw Jones ATL 1998
86790,30,2026-09-16,Clubhouse - Baseball Reference 8 2B Johnny Evers CHC 1910
86772,25,2026-09-16,Clubhouse - Baseball Reference 8 RF Jack Tobin SLA 1920
85863,25,2026-09-16,Clubhouse - Negro League Star C Spoony Palm DS 1929
85866,25,2026-09-16,Clubhouse - Rookie Sensation SP Rynie Wolters NY2 1871
86415,25,2026-09-16,Clubhouse - Baseball Reference 6 3B Scott Rolen CIN 2009
86649,25,2026-09-16,Clubhouse - Unsung Heroes CF Bill Tuttle KC1 1959
85859,25,2026-09-16,Clubhouse - Hardware Heroes 1B Cecil Cooper ML4 1980
86388,25,2026-09-16,Clubhouse - Baseball Reference 6 RP Clay Holmes NYY 2021
84187,25,2026-09-16,Clubhouse - Historical All-Star SS Dick Groat STL 1963
85842,20,2026-09-16,Clubhouse - Snapshot C Dick Dietz SF 1970
85848,20,2026-09-16,Clubhouse - Snapshot RP Tom Niedenfuer LAD 1983
85870,20,2026-09-16,Clubhouse - Historical All-Star CL Dave Righetti NYY 1986
85851,20,2026-09-16,Clubhouse - Unsung Heroes C Bob Stinson SEA 1978
85881,20,2026-09-16,Clubhouse - Snapshot 1B Billy O'Brien WS8 1887
84044,20,2026-09-16,Clubhouse - Snapshot CL Mitch Williams PHI 1991
85712,20,2026-09-16,Clubhouse - SwitchKnucklers - Historical All-Star SS Cristian Guzman MIN 2001
85732,20,2026-09-16,Clubhouse - SwitchKnucklers - Hall of Fame C Rick Ferrell WS1 1945
85739,20,2026-09-16,Clubhouse - SwitchKnucklers - Super Utility 2B Mark Bellhorn CHC 2002
85522,20,2026-09-16,Clubhouse - 60s Week - Snapshot 3B Al Smith CWS 1961
85505,20,2026-09-16,Clubhouse - 60s Week - Super Utility SS Woodie Held CLE 1961
85501,20,2026-09-16,Clubhouse - 60s Week - Snapshot SP Joe Gibbon PIT 1961
